{
  "epsilon": 1000.0,
  "accuracy": 0.9452000260353088,
  "loss": 0.17821718752384186,
  "runtime_seconds": 93.66918992996216,
  "num_attack_samples": 100,
  "mse_reconstructions": [
    0.13037417705182372,
    0.13901084594581148,
    0.0988565267860152,
    0.09175838095646414,
    0.10901662437260294,
    0.13602478140588092,
    0.0988325349685033,
    0.16129912983160577,
    0.07715837248870991,
    0.10374799775030734,
    0.12517024697934684,
    0.07845415542879004,
    0.1605359054180013,
    0.12920129573680408,
    0.07496241650949936,
    0.11815576673221832,
    0.11689775814923598,
    0.12162746113972396,
    0.07237456841184595,
    0.10028868546888953,
    0.15531577976297178,
    0.15030888121989844,
    0.08639876916064217,
    0.08933386790169215,
    0.10190274524180795,
    0.17717708316544542,
    0.08509670033785471,
    0.19852986315601343,
    0.18372032171539088,
    0.09003097752325899,
    0.11352979837626372,
    0.14943261256680532,
    0.08839866755388545,
    0.09953241411163946,
    0.15941672920293623,
    0.08610231564354931,
    0.14904080265864095,
    0.16019507852998247,
    0.11019936635034752,
    0.12286682891730008,
    0.08443523453642465,
    0.1327151660164335,
    0.0736949719455073,
    0.08987046485174398,
    0.0908955555521185,
    0.11776783865595133,
    0.10723142686966347,
    0.11052701487090547,
    0.08269446575553341,
    0.1461378005679361,
    0.08972683893806346,
    0.19732166891600764,
    0.13267870239040366,
    0.08340805287970093,
    0.10958220945021933,
    0.14100567701340447,
    0.18731161021841175,
    0.09918433943418734,
    0.15188101791139125,
    0.0958836878799449,
    0.13380913566050923,
    0.08880588625108285,
    0.13866677246074233,
    0.19657224126552547,
    0.11962025915088267,
    0.09126220135741858,
    0.13315277076880583,
    0.08715144375963936,
    0.11577556655377842,
    0.18192120559296537,
    0.11049946645777967,
    0.09927262664987134,
    0.07374395844629149,
    0.1213246906588964,
    0.12797144090941387,
    0.15143750407565007,
    0.1162441829374746,
    0.09272918529508557,
    0.09920988562616588,
    0.11167385167663392,
    0.11932972439742418,
    0.1606242644347322,
    0.17830292147652113,
    0.122943302417622,
    0.09182153637706811,
    0.11276543597029315,
    0.10444966867663728,
    0.12687700677233626,
    0.14874566272317719,
    0.11216626652591792,
    0.1338162473365259,
    0.1208968829374012,
    0.08128957320106975,
    0.1341071322612821,
    0.1230273964084995,
    0.1670777830505397,
    0.0986259666079094,
    0.1303145895740643,
    0.10056401063810144,
    0.0735654486787559
  ],
  "saved_reconstruction_images": [
    "reconstruction_1.png",
    "reconstruction_2.png",
    "reconstruction_3.png",
    "reconstruction_4.png",
    "reconstruction_5.png",
    "reconstruction_6.png",
    "reconstruction_7.png",
    "reconstruction_8.png",
    "reconstruction_9.png",
    "reconstruction_10.png"
  ]
}